journal_label,ABSTRACT,CONCLUSION,DISCUSSION,INTRO,OTHER,RESULTS
Critique: Studies in Contemporary Fiction,0.026754271651065135,0.06183632151663311,0.1239316239316239,0.10762590004094848,0.15753385625763974,0.0
"Culture, Theory and Critique",0.0255753651215379,0.06806890053206652,0.0,0.11862285287905805,0.1530120088050026,0.0150157141194273
English Studies,0.018912776259238463,0.062975150265791,9.022827754218172e-05,0.13421979684435187,0.15104029735400684,0.0004209344745334
Journal of Postcolonial Writing,0.022599261592372494,0.0556106311095162,0.0,0.15725242653369792,0.13930518451911705,0.0
Textual Practice,0.03027216909344656,0.08308454832797747,0.5942190993292877,0.11914178353947799,0.16847664335987814,0.0
UNKNOWN,0.01821393828115625,0.06736259362474994,0.0,0.11955287629172603,0.227105883372105,0.0
