journal_label,ARGUMENT,CONCLUSION,DISCUSSION,INTRO
Critique: Studies in Contemporary Fiction,0.1369617867689651,0.06183632151663311,0.1239316239316239,0.10762590004094848
"Culture, Theory and Critique",0.13240306066103702,0.06806890053206652,0.0,0.11862285287905805
English Studies,0.13098533491156533,0.06318731400653801,9.022827754218172e-05,0.13421979684435187
Journal of Postcolonial Writing,0.12263290981529641,0.0556106311095162,0.0,0.15725242653369792
Textual Practice,0.1456956860632136,0.08308454832797747,0.5942190993292877,0.11914178353947799
UNKNOWN,0.18068545112967194,0.06736259362474994,0.0,0.11955287629172603
