journal_label,ARGUMENT,CONCLUSION,DISCUSSION,INTRO,section_entropy_bits,dominant_section_share
"Culture, Theory and Critique",0.132403060661037,0.0680689005320665,0.0,0.118622852879058,1.01494229753453,0.132403060661037
Journal of Postcolonial Writing,0.1226329098152964,0.0556106311095162,0.0,0.1572524265336979,1.0227763232725788,0.1572524265336979
English Studies,0.1309853349115653,0.063187314006538,9.022827754218172e-05,0.1342197968443518,1.0259611593123739,0.1342197968443518
UNKNOWN,0.1806854511296719,0.0673625936247499,0.0,0.119552876291726,1.074525044985752,0.1806854511296719
Critique: Studies in Contemporary Fiction,0.1369617867689651,0.0618363215166331,0.1239316239316239,0.1076259000409484,1.3605692971920795,0.1369617867689651
Textual Practice,0.1456956860632136,0.0830845483279774,0.5942190993292877,0.1191417835394779,1.5149918631828831,0.5942190993292877
