journal_label,ABSTRACT,CONCLUSION,DISCUSSION,INTRO,OTHER,RESULTS,section_entropy_bits,dominant_section_share
English Studies,0.0189127762592384,0.062975150265791,9.022827754218172e-05,0.1342197968443518,0.1510402973540068,0.0004209344745334,1.1661765194053926,0.1510402973540068
Journal of Postcolonial Writing,0.0225992615923724,0.0556106311095162,0.0,0.1572524265336979,0.139305184519117,0.0,1.1711976759565692,0.1572524265336979
UNKNOWN,0.0182139382811562,0.0673625936247499,0.0,0.119552876291726,0.227105883372105,0.0,1.2194476406623906,0.227105883372105
"Culture, Theory and Critique",0.0255753651215379,0.0680689005320665,0.0,0.118622852879058,0.1530120088050026,0.0150157141194273,1.2693501645106642,0.1530120088050026
Critique: Studies in Contemporary Fiction,0.0267542716510651,0.0618363215166331,0.1239316239316239,0.1076259000409484,0.1575338562576397,0.0,1.527535543021032,0.1575338562576397
Textual Practice,0.0302721690934465,0.0830845483279774,0.5942190993292877,0.1191417835394779,0.1684766433598781,0.0,1.6957376176071137,0.5942190993292877
