,style_resid_PC1,style_resid_PC2,style_resid_PC3,style_resid_PC4,style_resid_PC5
struct_PC1,0.07831794373220514,-0.03819596057649367,0.04141874940401107,0.016943681612059596,0.09089027956942032
struct_PC2,0.0092235634190746,0.1360081192031668,-0.10774879731225186,0.002132339955189991,0.009157082350677864
struct_PC3,-0.11256095111388005,-0.16694700519565764,-0.11137114880849891,-0.012785903671914506,-0.10338104581403229
struct_PC4,0.1564644522170727,-0.08151766384248087,-0.05935086497012146,0.0009609555327245823,-0.0005859468882793765
struct_PC5,-0.11445276929720438,0.0018230081587192653,0.13640881823161483,-0.013109918323727423,-0.08847748487523385
